Gene ID	Gene Name	adipose tissue	adrenal gland	animal ovary	appendix	bladder	bone marrow	cerebral cortex	colon	duodenum	endometrium	esophagus	fallopian tube	gall bladder	heart	kidney	liver	lung	lymph node	pancreas	placenta	prostate	rectum	salivary gland	skeletal muscle	skin	small intestine	smooth muscle	spleen	stomach	testis	thyroid	tonsil
ENSG00000002822	MAD1L1	2	1	2	3	2	3	2	1	2	2	1	2	1	1	2	1	2	4		2	2	1	1	1	2	1	2	4	2	5	1	2
ENSG00000004897	CDC27	13	11	10	15	14	13	16	9	9	14	11	11	14	9	8	7	12	13	2	14	10	11	5	5	8	9	14	12	9	16	24	15
ENSG00000005249	PRKAR2B	172	50	44	9	13	15	24	10	6	11	21	8	9	12	5	2	5	7	4	18	12	11	10	0.7	2	8	8	27	7	21	2	7
ENSG00000006634	DBF4	1	1	2	5	3	15	1	3	3	2	2	2	2		0.9	0.7	1	8		2	2	3	0.9		2	2	2	3	2	45	2	8
ENSG00000007168	PAFAH1B1	20	23	24	23	25	9	71	23	22	29	24	26	28	21	22	9	29	24	5	20	21	23	14	17	31	24	30	21	23	43	32	29
ENSG00000007968	E2F2				4	1	23		3	2		2							6		1		4			4	2	0.7	0.9	0.7	3		6
ENSG00000008018	PSMB1	43	47	37	51	40	43	28	41	45	45	36	55	39	33	34	29	39	57	10	54	42	49	24	24	38	44	48	42	36	34	40	68
ENSG00000008128	CDK11A	2	3	2	5	3	13	1	3	5	3	2	2	3	1	1	0.9	3	7	0.8	3	3	3	2	1	3	6	3	6	3	3	2	2
ENSG00000010292	NCAPD2	5	5	6	16	9	16	4	11	11	9	9	9	7	3	4	0.9	7	25	2	13	6	12	5	2	15	10	9	11	9	17	8	30
ENSG00000013275	PSMC4	19	24	18	32	31	23	24	24	26	22	25	30	25	20	27	13	19	27	5	27	24	24	12	13	24	22	27	25	21	27	34	33
ENSG00000014138	POLA2	1	1	3	5	2	5	1	3	3	3	2	3	2	1	1	0.9	3	6		2	2	4	1		3	3	3	5	3	4	2	8
ENSG00000020426	MNAT1	4	4	4	3	4	2	4	2	2	4	3	7	4	3	4	2	3	3	0.7	3	5	2	3	7	2	2	3	2	3	3	4	4
ENSG00000025770	NCAPH2	7	8	14	12	8	32	11	7	9	11	9	12	6	6	5	3	14	16	4	11	9	6	8	4	12	9	8	12	9	20	8	11
ENSG00000030066	NUP160	6	6	11	11	8	7	3	7	6	11	6	12	7	3	6	3	8	13	2	11	7	9	4	2	7	6	9	9	6	10	9	12
ENSG00000031691	CENPQ	3	4	5	6	4	3	5	4	2	4	4	4	4	3	2	1	3	7	0.6	5	4	4	1	1	3	3	4	4	2	5	3	8
ENSG00000035928	RFC1	12	13	17	13	11	16	10	10	8	14	9	12	10	6	13	7	12	20	5	9	12	10	7	3	10	9	12	12	9	11	16	22
ENSG00000037042	TUBG2	9	9	13	5	9	2	27	3	4	12	5	12	8	6	8	1	9	6	7	6	12	4	7	2	7	4	9	8	7	9	9	4
ENSG00000040275	SPDL1	1	2	3	6	3	4	2	2	2	4	2	3	3	1	2	0.6	2	6		3	2	3	1	0.7	3	2	3	3	2	21	2	7
ENSG00000041357	PSMA4	11	13	7	20	16	14	10	18	17	13	11	11	12	7	12	11	10	19	2	12	15	15	5	8	10	16	14	13	12	16	10	20
ENSG00000046651	OFD1	5	6	14	15	8	13	4	8	10	15	5	11	9	3	6	3	9	22	2	5	12	9	9	1	11	11	6	14	13	10	12	14
ENSG00000047410	TPR	12	12	17	19	15	16	12	15	11	17	11	17	14	8	11	6	15	23	3	16	12	16	6	3	17	11	13	18	13	38	18	17
ENSG00000049541	RFC2	4	5	8	11	8	13	5	7	6	6	10	8	7	3	3	5	7	14	2	13	6	9	4	3	12	7	8	9	6	8	6	19
ENSG00000053900	ANAPC4	4	5	7	7	7	6	4	4	4	14	4	12	5	2	3	2	6	8	1	6	5	7	3	1	7	5	5	7	4	5	5	6
ENSG00000054282	SDCCAG8	4	5	6	5	6	4	6	3	3	5	4	7	5	3	4	2	7	5	2	4	5	4	3	2	4	4	4	5	5	4	13	4
ENSG00000055130	CUL1	19	23	25	27	28	21	21	18	17	27	22	22	23	18	12	16	23	32	5	26	22	20	12	17	21	20	24	26	18	89	24	30
ENSG00000058272	PPP1R12A	10	8	9	12	18	15	9	9	7	24	16	12	14	5	6	3	10	14	1	13	19	9	4	3	7	9	24	12	7	10	9	10
ENSG00000058804	NDC1	4	4	5	9	6	5	4	10	7	6	6	7	5	2	5	2	4	15	1	6	4	12	2	1	7	7	5	5	6	8	6	15
ENSG00000062650	WAPL	10	11	11	16	13	14	8	11	11	13	13	11	12	5	12	9	13	19	3	12	11	12	5	4	15	11	11	14	12	30	16	20
ENSG00000062822	POLD1	2	1	2	5	1	11	1	3	3	3	1	2	1		1		3	6	0.6	4	2	1	2	0.7	2	4	1	6	2	5	2	3
ENSG00000065328	MCM10	0.6			2	0.7	4		0.9	1		1							3		2		1			0.8	0.7	0.6			0.9		3
ENSG00000066027	PPP2R5A	46	10	11	17	24	40	17	25	19	17	34	16	22	22	17	14	47	23	7	23	17	27	17	8	21	24	16	37	28	12	26	23
ENSG00000068796	KIF2A	6	5	7	15	12	5	27	8	7	8	8	11	9	2	5	2	6	21	2	9	5	8	3		5	8	7	11	6	32	8	16
ENSG00000068878	PSME4	6	8	6	10	11	19	6	7	6	14	9	6	13	8	6	10	7	11	2	6	9	9	8	8	7	5	13	10	10	34	11	12
ENSG00000068971	PPP2R5B	7	8	4	7	7	7	22	5	5	7	5	5	11	6	6	2	11	7	3	7	7	6	4	3	7	6	9	12	5	4	7	6
ENSG00000069248	NUP133	9	10	13	10	10	8	11	9	7	15	9	13	8	7	8	3	9	12	2	11	10	10	5	4	11	7	11	10	9	13	11	13
ENSG00000070770	CSNK2A2	10	8	12	10	10	12	10	9	8	10	9	10	10	4	8	6	9	11	4	11	8	10	5	3	30	7	10	10	7	41	9	13
ENSG00000072062	PRKACA	17	36	36	18	14	6	17	10	10	14	13	16	13	46	9	11	14	10	3	12	14	12	8	33	11	11	20	32	8	25	11	12
ENSG00000072401	UBE2D1	8	11	6	20	14	22	7	9	6	10	9	6	10	14	4	3	7	10	1	6	7	9	3	30	4	7	9	10	5	4	6	10
ENSG00000072501	SMC1A	8	9	11	20	8	12	8	13	10	13	9	12	8	6	11	7	11	20	2	10	8	13	5	4	13	10	15	14	9	6	12	18
ENSG00000072803	FBXW11	11	15	17	11	13	5	29	10	8	17	15	21	15	16	15	7	13	12	6	8	12	10	6	9	10	9	16	14	13	13	14	15
ENSG00000072864	NDE1	2	1	2	5	4	6	2	2	2	4	4	3	3	2	1	0.6	2	5		3	3	3	0.9		4	2	3	4	2	4	1	7
ENSG00000073111	MCM2	1	2	4	12	4	32	2	6	5	4	4	6	2	2	2	2	3	17	0.6	14	3	7	1	2	6	5	4	5	4	11	4	19
ENSG00000074054	CLASP1	6	7	10	6	6	8	12	4	4	8	7	8	7	8	6	3	6	8	2	6	8	5	3	9	7	4	8	8	5	10	9	6
ENSG00000075188	NUP37	3	4	4	6	6	6	1	5	4	5	4	7	4	3	3	1	3	8	0.8	5	4	7	2	2	4	5	5	4	5	6	5	10
ENSG00000075886	TUBA3D			0.6							2		4		1							0.8				0.6		0.8			142		
ENSG00000076003	MCM6	6	4	10	20	10	22	6	11	9	11	8	7	6	2	5	4	5	26	1	9	6	14	2	2	9	11	10	8	7	15	4	34
ENSG00000077380	DYNC1I2	28	29	32	22	32	8	42	28	22	39	29	26	31	18	27	9	27	19	5	27	29	30	12	8	24	22	33	20	23	28	24	23
ENSG00000077514	POLD3	3	2	5	8	4	4	2	6	4	8	3	6	5	2	8	1	5	6	1	5	3	9	2	0.7	4	5	7	5	5	10	4	7
ENSG00000078304	PPP2R5C	7	10	11	13	12	10	11	10	8	12	10	10	10	9	7	5	11	19	2	7	8	11	7	4	11	9	10	12	8	15	11	19
ENSG00000078674	PCM1	9	12	19	11	11	12	14	11	8	18	11	20	12	8	10	7	13	14	4	10	12	10	7	11	11	9	12	12	10	56	17	12
ENSG00000079335	CDC14A	2	1	3	3	4	6	1	4	4	4	1	9	3	0.9	4	0.7	4	5		3	6	4	1		2	7	3	5	3	13	4	2
ENSG00000080824	HSP90AA1	152	282	169	222	198	198	397	180	107	148	124	291	278	160	177	101	168	182	38	195	206	189	154	81	125	141	185	124	164	387	134	230
ENSG00000080839	RBL1	1	1	4	5	3	6	1	2	2	3	2	2	2	1	1	0.7	2	6		3	2	3	0.7	2	3	2	2	3	2	3	2	5
ENSG00000080986	NDC80				5	2	9		3	3	2	2	0.6	1					10		5	3	4			3	3	2	2	2	8		9
ENSG00000082898	XPO1	13	14	27	25	19	17	15	14	11	27	14	25	18	9	10	7	14	31	3	21	17	20	7	6	20	15	20	23	15	30	19	24
ENSG00000083642	PDS5B	3	3	6	4	4	7	6	4	3	10	3	5	4	2	4	2	4	6	0.7	4	5	4	1	0.9	3	3	6	6	4	6	5	5
ENSG00000085840	ORC1				3	1	18		2	1		1							5		2		3			1	2	1	0.8	1	5		7
ENSG00000086827	ZW10	5	6	7	8	8	6	5	7	6	8	8	7	7	3	5	4	5	8	2	6	7	9	5	3	12	6	8	6	6	14	6	12
ENSG00000087191	PSMC5	23	26	16	27	21	20	26	23	19	21	24	24	20	17	27	13	19	26	5	23	25	23	13	16	31	18	23	25	19	29	23	29
ENSG00000087586	AURKA	1	0.8	0.9	6	3	7	0.8	6	7	0.8	3	0.9	1	2	1	1	1	11		6	0.7	7		1	2	5	1	2	3	21	0.9	15
ENSG00000088986	DYNLL1	31	36	31	34	41	13	64	48	24	39	62	65	35	20	31	15	36	34	9	38	32	43	14	5	77	32	47	29	38	57	22	49
ENSG00000089053	ANAPC5	7	9	11	12	10	15	11	9	9	15	8	15	11	6	7	4	9	16	4	10	11	13	8	7	17	10	10	14	12	10	11	14
ENSG00000089685	BIRC5				6	2	17		4	4		3	0.7	0.6				0.6	12		4		4			3	4	1	1	3	13		9
ENSG00000090273	NUDC	19	38	24	22	16	21	26	18	16	23	14	44	16	19	19	16	23	23	9	23	26	17	15	18	19	15	21	25	23	38	22	24
ENSG00000091651	ORC6	0.7	2	0.8	4	1	9	2	2	2	2	1	1	1	1	0.8		1	6		2	0.9	4		0.9	3	3	1	3	2	10	1	5
ENSG00000092010	PSME1	36	73	63	99	83	68	19	73	110	59	43	99	60	26	55	43	78	118	13	57	57	92	51	15	47	111	56	117	72	14	53	133
ENSG00000093000	NUP50	6	8	8	14	11	20	8	9	9	6	10	10	9	2	6	6	9	18	2	8	7	9	4	1	11	8	6	14	13	14	9	17
ENSG00000093009	CDC45				4	1	11		2	2		2		0.6					7		2		4			2	2	1	0.9	2	16		8
ENSG00000094804	CDC6				5	2	7		3	2	0.6	2		0.9			1	0.6	5		4		4			1	2	1	1	1	5	0.7	7
ENSG00000094880	CDC23	6	6	9	8	10	7	7	8	6	10	8	9	6	5	8	4	8	11	1	14	8	9	4	2	10	6	9	9	6	10	9	12
ENSG00000094914	AAAS	8	14	13	9	9	9	6	6	9	13	7	15	9	7	8	3	9	11	3	10	11	11	9	5	11	9	11	14	9	16	9	13
ENSG00000095261	PSMD5	9	12	11	11	15	9	5	9	8	13	12	12	10	4	7	5	9	10	3	7	12	10	8	2	12	8	12	8	10	10	12	13
ENSG00000095319	NUP188	5	6	6	12	8	11	4	6	5	8	9	7	7	4	4	2	8	13	2	8	7	8	4	2	14	5	9	10	6	51	8	14
ENSG00000097046	CDC7	1	2	0.7	5	2	7	3	2	3	1	2	0.7	1		1	0.7	2	9		4	1	4			5	3	2	9	2	17	1	8
ENSG00000099341	PSMD8	37	22	16	24	20	26	20	21	26	18	25	31	18	36	19	12	22	25	9	29	30	29	16	27	30	24	29	20	22	39	24	34
ENSG00000100030	MAPK1	12	17	13	16	16	10	50	16	11	14	19	16	15	11	16	7	17	16	5	12	15	17	9	5	22	13	18	17	14	18	23	17
ENSG00000100162	CENPM				4	1	9		3	3		1	2					0.6	10		2		2			2	3		1	3	4		8
ENSG00000100297	MCM5	3	2	7	14	5	30	2	5	5	4	4	5	3	1	2	2	5	19	0.9	9	3	5	2	0.9	6	6	3	12	4	8	3	20
ENSG00000100393	EP300	10	10	21	16	14	45	10	12	10	17	10	16	14	6	11	6	15	17	4	16	13	13	7	5	13	11	14	15	13	24	17	13
ENSG00000100401	RANGAP1	7	22	7	14	11	20	25	8	9	8	18	9	10	5	9	8	10	17	4	15	10	7	8	3	35	9	7	14	11	43	10	17
ENSG00000100479	POLE2	0.7	0.6	0.7	2	0.9	7		2	1	2	1	0.8				0.8	0.8	2		2	0.7	2			2	2	1	1	1	2	1	3
ENSG00000100519	PSMC6	9	11	11	12	10	14	11	10	11	12	11	10	9	9	9	6	9	13	2	10	10	12	5	7	10	10	10	10	10	8	10	12
ENSG00000100567	PSMA3	20	24	15	36	21	22	14	22	24	24	16	20	21	14	18	18	25	37	4	26	21	28	12	13	21	23	22	27	21	17	24	29
ENSG00000100749	VRK1	3	3	4	9	4	24	3	5	4	5	4	6	3	2	3	1	3	13		4	3	7	1	0.7	4	4	4	6	4	18	4	17
ENSG00000100764	PSMC1	9	5	5	8	6	9	7	7	5	7	7	7	5	7	7	5	6	6	2	8	6	8	3	9	7	5	8	6	5	10	6	10
ENSG00000100804	PSMB5	29	36	26	28	31	10	37	28	25	32	27	50	25	33	30	16	27	21	10	38	35	36	20	51	25	22	43	20	26	29	30	29
ENSG00000100823	APEX1	48	64	95	62	66	73	40	54	70	67	44	78	48	29	45	27	44	80	13	37	51	63	25	19	54	48	66	58	48	20	63	84
ENSG00000100902	PSMA6	4	4	3	6	5	7	4	5	5	4	4	4	4	3	3	3	4	5	0.9	5	3	5	2	3	4	5	3	4	4	5	4	6
ENSG00000100911	PSME2	12	40	16	52	26	18	9	32	76	19	13	24	19	8	17	26	25	50	4	20	20	40	21	4	18	61	22	49	34	15	14	49
ENSG00000101003	GINS1			0.6	3	2	2	1	2	2	1	2	0.7	0.7		0.7	0.7		5		2		3			3	2	2	0.9	1	9		5
ENSG00000101004	NINL	2	4	10	1	1		2	0.9	2	6	2	2	3	0.8	9	1	3	2	0.8	1	6	1	2	0.8	2	2	2	4	3	6	4	1
ENSG00000101057	MYBL2	1			21	5	53		4	5		4		0.9				1	56	2	7		6	0.6		3	6	0.8	11	5	18		40
ENSG00000101146	RAE1	3	4	6	6	5	13	5	4	4	7	4	7	4	3	3	1	4	8	1	5	5	5	2	1	6	4	5	5	3	28	4	9
ENSG00000101162	TUBB1						5											1											4		0.7		
ENSG00000101182	PSMA7	65	47	32	61	41	70	36	52	45	38	39	42	38	36	42	32	48	61	11	46	41	43	24	68	35	43	41	60	40	25	31	65
ENSG00000101224	CDC25B	5	7	11	24	13	15	10	7	10	18	5	7	16	3	5	3	22	36	0.9	23	6	8	3	1	13	10	12	25	8	8	8	22
ENSG00000101266	CSNK2A1	13	16	20	17	20	12	21	19	17	21	16	24	17	15	17	6	14	18	5	18	18	21	12	15	17	18	18	16	21	27	20	23
ENSG00000101367	MAPRE1	42	42	30	70	65	117	35	51	33	68	49	43	61	31	43	13	45	63	10	58	48	53	17	8	31	36	72	51	42	61	69	62
ENSG00000101412	E2F1	1	2	1	6	2	22	2	3	2	0.8	2	1	0.8				3	9		3	1	4			4	3	3	2	2	9	0.7	8
ENSG00000101577	LPIN2	7	8	10	17	9	9	16	12	36	10	9	9	18	4	20	31	18	16	3	12	7	10	4		3	23	8	14	18	26	11	12
ENSG00000101624	CEP76	1	1	1	1	1	2	1	1	1	2	2	1	1	0.6	0.9	0.9	1	2		1	1	2	0.6		2	2	1	1	1	7	1	2
ENSG00000101639	CEP192	3	2	10	6	6	8	3	4	5	9	4	5	9	2	3	1	5	9	1	4	5	6	3	0.7	4	5	4	6	4	11	7	6
ENSG00000101843	PSMD10	11	20	14	14	19	9	23	16	12	18	14	23	14	7	13	7	15	17	2	16	15	15	8	4	13	13	17	14	12	16	18	20
ENSG00000101868	POLA1	3	2	5	5	3	6	3	4	2	5	3	4	3	2	2	0.9	3	5	0.8	4	3	5	2	1	4	3	4	3	3	3	3	7
ENSG00000101972	STAG2	15	16	26	22	20	31	16	19	14	26	17	22	17	8	19	10	19	30	5	18	19	18	10	4	17	16	15	22	17	5	28	27
ENSG00000102119	EMD	16	19	28	17	15	29	10	12	12	22	13	27	16	13	11	7	17	16	6	16	21	10	14	14	14	11	17	21	13	14	24	13
ENSG00000102384	CENPI			0.6	1	0.7	2		1	0.9	0.6	0.8							2		0.9		1			0.8	0.9	1	0.6	0.6			3
ENSG00000102900	NUP93	2	3	3	5	4	7	4	3	2	3	3	4	2	2	2	0.7	3	5	0.6	3	3	4	1	0.9	4	2	4	5	2	11	5	6
ENSG00000102901	CENPT	8	8	9	9	7	12	7	5	7	11	5	7	7	4	3	2	9	12	3	9	9	6	6	3	26	6	9	12	7	19	5	6
ENSG00000103035	PSMD7	19	20	10	24	26	47	21	21	18	21	27	16	21	25	13	13	16	25	4	27	27	29	11	29	24	18	26	18	16	22	19	33
ENSG00000103479	RBL2	19	18	25	32	26	12	11	16	18	25	17	24	28	11	18	14	28	44	7	10	30	23	16	5	22	21	19	35	25	40	27	33
ENSG00000103540	CCP110	3	3	5	4	4	5	10	3	2	7	3	7	4	1	2	0.8	5	4		2	4	3	1	0.8	3	3	3	3	3	21	4	4
ENSG00000103995	CEP152	1	0.7	1	2	1	7		1	2	0.9	1	0.7	1		1		1	3		3	0.9	2	0.9		2	2	1	1	1	6	1	2
ENSG00000104388	RAB2A	30	32	21	19	26	15	41	31	23	27	33	21	30	25	28	20	26	17	7	26	36	30	18	14	22	26	25	17	27	20	41	19
ENSG00000104695	PPP2CB	30	26	54	17	25	2	49	26	26	48	34	38	31	20	32	19	35	11	8	27	29	26	16	12	23	32	37	20	20	28	46	16
ENSG00000104738	MCM4	2	4	4	12	7	27	6	10	7	4	10	5	3	4	4	2	3	19	0.8	12	4	11	2	2	14	9	4	4	7	26	3	22
ENSG00000104833	TUBB4A		52	0.6	1			203								0.8			0.6							2	0.6		4		46		
ENSG00000105173	CCNE1	0.6	2		2	2	12	1	2	2	0.8	2	0.7	0.7	0.7				3		14	0.7	3			1	1	0.7	1	1	8	0.9	4
ENSG00000105325	FZR1	4	9	9	6	5	15	8	4	10	6	5	7	6	3	5	2	7	8	2	8	8	2	5	2	6	7	4	10	7	14	6	4
ENSG00000105486	LIG1	1	2	4	7	3	19	2	4	5	4	3	6	2	0.7	2	1	4	13	1	6	4	4	2	0.6	8	6	2	7	4	8	4	9
ENSG00000105568	PPP2R1A	17	44	37	20	22	13	38	22	27	25	29	48	20	43	22	6	20	22	6	24	29	21	13	15	23	22	25	20	18	20	24	29
ENSG00000105810	CDK6	2	7	2	5	4	11	2	7	5	3	3	3	3	2	4	3	4	5	2	14	4	7	2		6	7	3	5	7	4	2	5
ENSG00000106399	RPA3	2	6	3	5	4	7	3	5	4	3	3	8	3	2	6	4	4	11	1	4	3	5	2	1	3	4	3	5	4	5	6	9
ENSG00000106477	CEP41	0.6	2	1	1	1	0.8	3	0.8	0.6	1		3	1		0.7		1	1		1	1	1	6			0.6	1	2	0.7	7	1	1
ENSG00000106588	PSMA2	2	4	2	4	3	3	2	3	3	3	2	2	3	2	3	4	2	4	0.8	3	4	3	1	1	3	3	2	3	2	3	3	4
ENSG00000106628	POLD2	12	15	18	15	9	12	10	13	10	12	14	29	7	17	12	10	11	14	7	11	15	11	10	10	16	9	11	12	14	19	12	14
ENSG00000108055	SMC3	17	16	31	26	20	34	18	21	18	26	20	20	18	10	17	11	18	30	5	23	17	21	9	6	21	23	19	24	19	56	21	31
ENSG00000108344	PSMD3	15	16	16	21	15	16	19	20	16	20	15	21	13	13	13	11	18	19	5	20	20	19	11	22	21	16	18	17	15	21	15	25
ENSG00000108559	NUP88	6	7	5	10	8	10	4	7	6	7	7	8	6	4	5	6	5	15	2	6	6	9	5	3	7	7	7	10	8	26	8	17
ENSG00000108671	PSMD11	9	9	8	13	10	14	12	11	10	13	12	10	10	8	9	7	9	11	3	13	10	12	5	8	13	9	12	11	9	14	9	16
ENSG00000108953	YWHAE	111	115	90	79	86	52	228	111	74	86	84	128	73	78	126	69	91	65	26	111	95	96	68	90	78	77	73	62	91	122	121	97
ENSG00000109805	NCAPG				5	2	13		2	3		3							10		3		3			3	3	0.8	1	2	8		10
ENSG00000110092	CCND1	39	24	2	9	25	0.6	9	19	15	13	55	25	18	33	30	47	68	8	19	62	47	13	16	0.7	80	12	14	34	39	4	42	14
ENSG00000110200	ANAPC15	2	2	2	3	3	8	3	3	3	4	3	4	2	3	3	2	3	4	1	2	4	5	2	3	2	3	4	3	2	6	6	6
ENSG00000110274	CEP164	2	2	4	4	2	2	2	1	1	4	2	6	3	0.8	2	0.6	3	3	3	2	3	2	1		4	2	4	4	2	11	3	3
ENSG00000110801	PSMD9	2	2	1	2	2	4	0.8	1	2	2	2	2	2	2	2	0.6	2	2	0.7	2	2	1	1	0.6	2	2	2	2	1	2	2	2
ENSG00000111206	FOXM1				5	2	11	0.7	4	5	0.6	3	0.8	1				0.6	6		4		6			3	4	2	1	3	15		8
ENSG00000111276	CDKN1B	33	34	48	31	29	33	36	23	30	31	14	28	20	14	22	13	27	42	4	27	30	22	17	18	18	29	15	44	19	24	23	29
ENSG00000111445	RFC5	3	3	9	7	5	14	4	5	5	8	4	7	4	2	3	3	4	8	1	4	5	8	2	0.9	6	5	5	5	4	6	6	11
ENSG00000111581	NUP107	5	4	6	8	5	7	2	5	4	8	4	6	4	2	4	2	5	10	0.7	5	5	7	2	2	5	5	5	7	4	9	4	9
ENSG00000112029	FBXO5	1	2	2	4	3	14	1	3	2	3	2	2	2		1	1	2	8		3	2	3	0.9		2	2	2	3	2	2	2	7
ENSG00000112118	MCM3	12	9	23	32	20	30	7	20	14	26	16	25	13	11	10	8	15	47	3	25	13	29	5	3	19	17	26	21	17	19	13	59
ENSG00000112242	E2F3	3	4	1	9	7	12	5	5	4	4	3	3	6	3	4	2	3	9		4	2	5	1	1	2	4	5	6	3	3	7	8
ENSG00000112312	GMNN	3	3	5	9	12	18	3	12	7	4	4	7	3	1	7	3	3	12	19	7	12	14	2	1	11	6	4	4	6	14	4	9
ENSG00000112576	CCND3	13	24	6	21	9	38	8	7	10	6	8	11	10	6	5	1	27	35	2	17	6	7	8	1	5	8	7	30	8	4	11	23
ENSG00000112640	PPP2R5D	14	12	20	14	17	11	21	14	21	19	14	23	13	12	10	6	13	17	4	14	16	17	9	10	17	25	22	14	11	29	13	19
ENSG00000112877	CEP72			2	1	0.8	1	2	0.9	1	1	0.9	2	1		0.7		2	2		0.7	1	0.7	0.8		2	0.8	0.7	1	1	5	1	1
ENSG00000112984	KIF20A				4	2	9		2	2	0.6	2		0.9					6		5		3			3	2	1	0.8	2	8		11
ENSG00000113368	LMNB1	3	1	2	34	8	36	2	15	12	3	7	3	5		1	4	3	43		9	2	19	1		9	14	3	9	9	7	1	50
ENSG00000113558	SKP1	16	24	23	13	18	17	32	17	12	21	16	25	17	17	22	9	13	15	3	17	20	16	9	13	14	14	18	12	13	20	23	16
ENSG00000113569	NUP155	3	3	4	4	4	7	3	4	3	5	4	4	3	1	3	2	3	5	0.8	4	3	4	2	1	5	3	3	4	4	39	4	6
ENSG00000113575	PPP2CA	16	31	17	28	29	52	44	24	22	34	33	26	27	33	22	14	22	33	6	27	23	27	12	9	29	22	26	22	21	22	30	43
ENSG00000113810	SMC4	3	3	3	13	8	23	2	7	7	4	11	3	5	2	3	2	6	20	0.9	8	3	8	2	0.7	7	8	4	8	6	22	4	16
ENSG00000114107	CEP70	3	5	6	2	5	1	5	8	21	7	4	9	6	3	6	5	5	2	3	1	7	7	2	2	2	5	4	2	5	31	12	2
ENSG00000114126	TFDP2	5	5	11	2	4	9	4	5	6	6	4	6	7	5	9	1	5	3	1	7	8	5	3	3	5	6	6	4	3	10	7	3
ENSG00000114745	GORASP1	10	7	8	9	10	6	9	11	9	12	8	13	9	6	7	4	11	8	3	10	11	14	9	3	8	11	12	11	10	10	10	9
ENSG00000115163	CENPA				3	1	3		2	3		1							7		2		2			2	2		0.6	1	2		7
ENSG00000115233	PSMD14	5	7	2	8	6	5	8	7	5	5	6	6	5	5	6	4	4	6	1	7	6	7	3	5	5	5	7	4	5	8	6	10
ENSG00000115806	GORASP2	12	17	17	16	22	14	13	19	15	21	18	19	18	14	11	7	15	17	8	22	15	22	18	6	14	15	23	14	17	20	23	21
ENSG00000115942	ORC2	3	5	6	6	5	3	4	6	7	6	4	5	5	4	4	2	4	9	1	5	6	6	4	2	8	6	5	6	6	16	8	7
ENSG00000115947	ORC4	3	5	7	4	4	5	7	5	4	6	3	7	4	3	7	2	5	5	0.9	4	6	5	3	2	5	4	5	4	4	6	7	4
ENSG00000116478	HDAC1	11	23	36	49	37	23	8	59	39	32	31	35	33	9	20	10	22	78	6	30	38	57	17	3	21	41	22	39	50	25	44	76
ENSG00000117399	CDC20	0.8			12	4	31	0.8	7	10	0.8	6	2	1				1	26		8		10			7	8	2	2	6	33	1	35
ENSG00000117475	BLZF1	7	8	7	9	8	9	6	8	7	9	16	8	10	5	7	4	7	6	1	8	9	9	4	2	10	7	8	6	7	21	10	8
ENSG00000117650	NEK2				4	1	7		3	4		2	2	0.6					6		2		4			2	4	0.6	0.6	2	51		7
ENSG00000117697	NSL1	6	6	7	7	7	5	8	5	5	7	5	6	6	5	6	4	5	10	0.9	7	6	5	3	2	3	6	6	7	4	6	6	8
ENSG00000117724	CENPF				4	2	13	0.7	4	3	1	3		0.9				0.6	5		3		3			4	3	1	0.8	2	8		7
ENSG00000117748	RPA2	14	16	32	27	24	18	19	16	11	25	18	35	22	14	16	8	20	45	4	19	19	18	9	12	23	13	20	28	15	45	29	45
ENSG00000118007	STAG1	7	5	12	8	8	6	4	7	5	12	7	9	6	4	6	3	6	9	2	8	6	8	4	2	7	6	10	6	5	6	9	9
ENSG00000118971	CCND2	8	25	6	11	10	20	17	19	16	17	9	10	8	18	2	1	8	10	4	19	10	20	2		7	11	16	11	3	4	17	11
ENSG00000119335	SET	42	53	71	85	70	62	64	67	45	72	52	75	49	32	52	36	52	110	17	68	56	69	33	22	57	48	69	68	54	43	64	120
ENSG00000119397	CNTRL	4	3	6	12	6	11	1	4	3	6	3	6	4	1	2	1	5	20	0.7	4	3	5	2		4	3	4	11	5	34	3	15
ENSG00000119408	NEK6	7	5	5	19	16	6	13	15	10	7	4	8	16	3	12	12	13	18	3	19	12	15	8	2	2	16	9	10	15	5	4	18
ENSG00000119638	NEK9	13	15	22	14	12	4	7	9	9	22	10	17	13	13	9	6	12	15	3	12	16	11	6	9	8	10	17	15	9	17	13	15
ENSG00000120253	NUP43	6	6	8	11	8	4	5	8	6	9	6	8	7	5	6	3	7	13	2	8	10	9	5	4	13	6	8	11	8	8	10	13
ENSG00000120334	CENPL	0.9	0.7	0.8	2	1	3	0.9	1	1	1	1	0.8	1		0.6		0.6	3		2	0.8	1			1	0.9	2	1	1	5	0.9	2
ENSG00000120539	MASTL	3	3	2	6	4	11	2	4	4	4	4	3	4	1	3	2	4	7	0.7	4	3	4	2		5	4	3	4	3	6	5	7
ENSG00000121152	NCAPH	0.7			6	2	14		3	3		2		0.9					10		3		4			2	3	0.9	1	2	23		12
ENSG00000121621	KIF18A				2	0.9	4		0.9	1		0.8						0.7	3		1		1			1	0.9			0.6	11	0.8	4
ENSG00000121892	PDS5A	9	10	13	14	12	11	8	13	9	13	15	10	11	4	11	9	12	18	3	11	10	13	7	2	14	10	10	13	12	8	15	19
ENSG00000122952	ZWINT	2	2	1	15	5	28	2	13	11	2	6	2	2	0.6	3	3	2	25	0.6	10	2	19	1		9	12	4	3	12	23	3	26
ENSG00000123080	CDKN2C	26	6	11	4	4	8	2	4	4	4	3	4	3	4	2	1	2	7	1	2	2	3	2	2	5	4	5	3	2	2	2	6
ENSG00000123219	CENPK				4	1	5		3	2		1	0.7	0.6				0.7	5		2		3			2	3	0.9	1	2	5		4
ENSG00000123240	OPTN	40	51	49	18	26	13	37	25	27	23	27	17	23	35	34	23	22	22	5	26	16	25	15	136	35	30	21	29	28	46	11	17
ENSG00000123374	CDK2	5	4	9	11	8	15	2	6	7	9	5	7	7	3	4	4	8	14	1	28	7	10	3	1	12	6	11	8	5	5	4	17
ENSG00000123416	TUBA1B	47	36	46	87	70	115	106	56	32	49	57	61	48	33	16	11	63	83	7	69	25	90	19	4	51	42	156	46	39	53	32	124
ENSG00000123810	B9D2	2	2	1	3	1	8	2	2	2	3	1	6	2	0.6	3		4	3		2	2	2	1		0.8	2	2	4	2	4	2	2
ENSG00000124635	HIST1H2BJ		0.8		0.9	2	2		0.8		0.7	0.8	1		0.6			0.8	1		1	3	1				0.9		1	1	12		1
ENSG00000124762	CDKN1A	28	46	47	41	59	28	17	41	57	15	55	46	77	11	10	26	23	10	20	21	22	51	4		26	69	73	8	22	16	30	12
ENSG00000124789	NUP153	10	10	17	19	14	32	10	10	9	16	15	16	14	6	9	9	12	25	3	16	11	13	7	6	12	9	15	16	9	29	13	27
ENSG00000125450	NUP85	5	5	8	9	8	12	4	6	8	8	5	7	6	3	3	3	8	12	2	8	7	10	3	2	12	8	8	10	6	11	5	11
ENSG00000125818	PSMF1	18	15	23	17	15	19	17	18	19	19	15	23	14	13	17	16	19	18	7	13	17	18	12	15	16	18	17	20	18	45	19	21
ENSG00000125885	MCM8	1	2	2	3	2	4	1	2	2	2	2	2	1	1	2	0.6	2	5		2	3	3	1	1	3	2	2	2	2	9	2	4
ENSG00000125952	MAX	10	12	18	19	15	21	10	11	15	17	15	20	13	8	10	6	13	25	3	15	15	11	10	5	13	15	15	25	13	9	11	20
ENSG00000126001	CEP250	2	2	4	4	2	3	3	2	2	3	2	4	2	1	1		2	6		2	3	2	1	0.8	4	2	2	6	2	7	2	5
ENSG00000126067	PSMB2	12	14	13	18	16	19	15	15	14	14	15	19	14	8	10	13	13	20	3	18	13	17	8	7	15	15	18	16	13	12	13	24
ENSG00000126216	TUBGCP3	4	5	9	7	6	9	5	5	4	7	5	5	6	3	4	3	5	8	1	4	5	5	2	2	7	4	6	8	4	12	6	6
ENSG00000126883	NUP214	4	3	7	6	4	8	4	4	4	6	6	7	5	3	5	2	5	6	2	5	4	6	4	2	7	4	5	11	4	31	6	7
ENSG00000127564	PKMYT1				2		7		0.6	0.9									2		1					0.8	0.9		0.8	0.6	11		1
ENSG00000127824	TUBA4A	3	4	3	14	9	41	41	13	8	2	23	7	7	15	8	2	9	23	2	2	8	14	13	56	75	9	6	12	8	11	3	35
ENSG00000127914	AKAP9	3	6	9	6	5	7	4	17	11	7	5	7	7	3	10	8	6	6	2	4	7	11	5	4	7	13	3	6	7	4	8	4
ENSG00000128159	TUBGCP6	8	11	12	15	10	15	10	5	11	9	7	7	11	5	6	2	14	20	6	10	15	5	14	4	14	11	7	23	11	14	10	7
ENSG00000128989	ARPP19	28	34	23	25	34	27	87	20	17	28	30	23	32	18	25	13	31	29	6	27	21	21	11	18	20	19	29	28	23	25	36	28
ENSG00000129084	PSMA1	12	17	15	22	22	24	11	14	18	18	18	18	20	16	9	8	15	23	3	20	17	21	10	8	18	17	18	15	13	13	19	23
ENSG00000129355	CDKN2D	6	5	2	10	4	126	24	3	4	2	3	3	4	3	3	0.6	6	14	0.7	5	3	3	2	3	5	3	3	13	3	20	1	10
ENSG00000129474	AJUBA	1	1	5	0.8	4			0.9	0.6	6	5	4	3	1	8	11	8	1	1	9	5	0.9	1		24	0.6	4	2	1	3	6	3
ENSG00000129810	SGOL1				2	0.9	3		1	1		0.8							3		1		1			0.7	1		0.7	0.8	4		4
ENSG00000129933	MAU2	4	5	10	7	6	10	5	4	6	8	7	9	6	5	4	1	8	8	2	6	7	4	5	7	9	6	5	11	6	12	7	6
ENSG00000130177	CDC16	16	16	26	20	18	12	14	15	17	31	13	31	17	10	13	7	20	26	6	19	20	22	11	7	25	17	23	23	17	28	23	23
ENSG00000130640	TUBGCP2	7	8	12	10	6	10	8	8	8	7	6	12	6	4	10	3	8	8	3	7	9	5	6	4	7	8	5	11	8	13	9	5
ENSG00000130779	CLIP1	8	10	4	10	11	4	8	6	5	9	22	6	8	6	7	5	8	6	2	11	10	5	5	14	14	6	10	6	5	6	18	7
ENSG00000131153	GINS2			1	4	1	7	0.6	3	3	1	1	0.8				1		6		2	1	4			2	3	1	0.6	1	5	1	10
ENSG00000131462	TUBG1	12	11	5	13	12	23	9	9	9	6	12	9	7	11	14	3	8	9	8	12	12	9	6	6	16	8	13	7	9	102	7	14
ENSG00000131467	PSME3	12	15	10	23	23	18	17	22	16	16	21	20	19	10	16	7	15	21	5	16	14	20	11	6	18	17	19	17	17	21	20	33
ENSG00000131747	TOP2A	2	0.6		19	9	26	2	14	15	2	9	2	2			2	2	31		16	0.9	14			13	13	4	4	8	54	1	36
ENSG00000132182	NUP210	0.8	2	1	22	8	33	3	5	5	2	3	4	4	1	4	2	6	37	2	7	4	5	3	1	4	7	1	24	6	11	5	25
ENSG00000132383	RPA1	14	14	26	20	17	13	13	15	13	22	16	23	13	13	10	6	14	26	3	14	17	16	10	11	22	14	20	17	13	14	19	36
ENSG00000132475	H3F3B	85	61	256	102	77	450	57	77	53	139	85	155	81	27	48	31	109	79	23	82	78	80	66	19	99	70	93	96	62	122	80	71
ENSG00000132646	PCNA	22	36	25	67	50	183	16	61	48	26	44	32	26	13	26	21	28	116	6	49	28	58	17	6	40	50	32	32	42	57	30	95
ENSG00000132793	LPIN3	7	3	8	3	5		0.7	6	31	6	10	8	7	6	5	1	6	2	2	3	8	10	8	0.7	27	21	5	3	10	2	8	2
ENSG00000133101	CCNA1		0.6				1	4			2		15					0.9										1			57		
ENSG00000133119	RFC3	3	10	5	10	5	9	3	6	6	9	5	6	4	2	2	2	4	16	0.8	7	4	8	2	0.7	5	5	5	4	4	10	4	16
ENSG00000133740	E2F5	0.6	2	2	4	2	0.8	2	2	2	3	1	2	2		2	0.6	2	8		2	2	2	1		2	2	1	3	2	3	3	7
ENSG00000134057	CCNB1	2	2	3	14	6	19	2	10	11	4	10	5	2	0.9	2	1	2	29		12	2	13	0.9		7	9	4	3	7	19	5	36
ENSG00000134058	CDK7	5	8	6	8	10	11	5	10	8	8	13	11	7	3	10	4	7	9	2	18	9	10	4	3	10	7	7	6	9	20	9	12
ENSG00000134324	LPIN1	8	5	10	7	5	3	7	3	5	7	8	2	7	4	3	2	5	10	1	3	6	4	5	10	2	4	5	6	4	23	5	10
ENSG00000134480	CCNH	10	10	5	8	6	12	8	6	5	6	4	5	7	3	6	5	5	8	2	6	8	7	4	2	4	5	5	6	6	19	8	8
ENSG00000134690	CDCA8	0.9			7	3	21		7	7	0.8	3	1	1			0.6	1	16		4	0.7	8			5	6	2	2	5	20		19
ENSG00000135336	ORC3	7	13	13	8	9	4	11	7	5	11	6	11	8	8	7	4	7	9	2	8	9	7	4	3	6	6	8	7	6	19	10	10
ENSG00000135446	CDK4	10	16	26	15	18	14	4	11	10	21	10	22	17	9	9	4	12	15	5	13	13	16	10	3	11	10	24	11	9	7	19	18
ENSG00000135476	ESPL1				2	0.7	5		0.9	4		7				2			4		1		1			3	4		0.6	1	7		4
ENSG00000136122	BORA	0.8	0.6	0.6	3	2	3		2	3	0.8	1	0.8	1				1	5		2	0.7	4			2	2	1	2	2	3	1	5
ENSG00000136243	NUPL2	4	6	5	6	7	4	6	5	6	8	4	7	6	4	5	2	5	10	1	4	7	7	3	2	6	6	6	9	5	11	7	7
ENSG00000136811	ODF2	4	5	6	10	6	9	4	4	4	11	4	10	6	4	4	2	7	12	2	6	8	7	3	0.7	7	5	8	9	5	112	5	11
ENSG00000136824	SMC2	3	4	4	11	6	11	8	7	6	5	6	5	4	4	5	2	4	11	0.7	6	4	6	1	0.6	7	6	4	6	5	12	7	13
ENSG00000136861	CDK5RAP2	4	5	10	7	5	11	5	5	3	8	6	7	6	5	4	4	6	10	1	4	7	5	5	6	7	4	6	7	6	17	7	8
ENSG00000136930	PSMB7	42	59	40	49	43	62	51	43	39	43	38	46	37	42	54	43	37	45	14	54	44	48	29	31	44	40	38	36	38	63	36	66
ENSG00000136997	MYC	40	45	41	41	26	23	4	22	17	19	49	52	46	3	3	19	10	29	18	18	21	22	11	0.8	18	18	23	35	16	8	6	24
ENSG00000137100	DCTN3	7	10	10	6	6	14	11	6	7	8	7	11	6	8	8	4	7	8	3	8	10	6	7	8	11	6	8	8	7	7	9	10
ENSG00000137267	TUBB2A	21	5	2	12	8	23	187	8	11	8	19	5	15	4	10	9	5	6	4	12	8	5	3	2	29	13	20	2	19	3	1	7
ENSG00000137285	TUBB2B	1	3		3	1		98	2	0.9	2	0.9	1	3		5			4		2	1	1	0.8	0.9	1	2	2		2			3
ENSG00000137497	NUMA1	12	15	27	13	14	11	10	12	14	29	11	18	14	7	12	3	20	17	5	14	34	11	13	6	24	15	13	20	12	16	16	9
ENSG00000137713	PPP2R1B	18	6	8	8	6	7	5	8	7	6	7	6	9	2	6	18	5	6	5	5	5	8	4	0.6	6	8	4	3	10	21	6	8
ENSG00000137807	KIF23		0.6		4	2	9		2	2	2	2		0.9		0.9		0.6	5		4		3			2	2	2	1	1	8		6
ENSG00000137812	CASC5				2	1	5		1	3		1				1	0.8		4		2		1			1	3		0.6	1	21		4
ENSG00000137814	HAUS2	6	4	5	6	6	14	6	5	4	7	5	5	5	3	4	2	7	7	2	6	4	5	2	2	5	4	6	5	4	5	5	8
ENSG00000137822	TUBGCP4	1	2	2	2	1	1	2	2	2	2	2	2	1	1	1	0.8	2	2	0.6	1	2	2	1	0.8	2	2	2	2	1	2	2	2
ENSG00000138069	RAB1A	62	70	43	53	58	77	54	80	68	55	44	50	73	37	86	47	54	39	15	71	60	70	46	11	38	67	60	37	69	53	67	47
ENSG00000138092	CENPO	1	1	0.8	2	1	4	2	1	2	1	1	1	1	0.6	0.9		1	3		2	0.9	2	0.6		2	2	2	1	1	6	1	4
ENSG00000138107	ACTR1A	25	28	15	24	27	19	39	22	21	22	26	23	25	27	17	7	29	21	6	28	24	24	12	20	24	22	43	22	17	27	19	27
ENSG00000138346	DNA2	0.7		0.8	3	1	3		2	2	1	1	0.6	0.7		0.7		0.9	4		1	2	2	0.6		1	2	0.9	1	1	3		4
ENSG00000138750	NUP54	9	8	14	11	11	20	5	10	9	15	9	13	10	4	6	5	9	12	2	12	11	12	5	3	12	9	11	10	9	14	12	13
ENSG00000138768	USO1	27	34	49	33	37	7	18	32	29	31	43	31	33	31	27	28	26	27	14	32	35	31	36	62	30	28	28	22	36	41	54	33
ENSG00000138778	CENPE				3	1	5		1	1		1							4		1		2			2	1	0.7	0.7	0.9	4		4
ENSG00000139350	NEDD1	6	5	7	7	8	8	3	6	5	11	7	7	6	4	5	2	7	10	1	6	8	7	3	8	6	5	9	9	5	16	7	11
ENSG00000139687	RB1	14	15	8	21	19	8	12	12	11	13	16	12	16	8	11	5	14	24	2	15	12	14	8	5	6	12	15	19	13	11	17	22
ENSG00000141200	KIF2B																														84		
ENSG00000141446	ESCO1	3	4	7	7	8	10	4	6	6	7	7	6	7	3	5	3	5	9	2	7	7	6	4	2	6	6	5	7	7	23	9	9
ENSG00000141551	CSNK1D	11	13	12	15	12	17	13	11	17	13	11	15	13	6	9	4	15	15	5	13	18	9	9	6	12	17	11	18	14	15	14	10
ENSG00000141552	ANAPC11	7	5	4	6	4	7	5	5	5	5	4	5	4	8	5	3	5	5	2	8	8	2	7	9	4	5	2	6	6	10	5	3
ENSG00000141577	CEP131	2	1	3	3	1	4	2	2	3	2	0.7	2	1	1	1		3	3	0.7	3	2		2	2	1	2	1	6	2	11	1	1
ENSG00000142507	PSMB6	30	34	24	35	33	35	31	24	29	32	38	45	26	39	30	20	31	33	11	44	31	43	25	45	36	30	43	29	28	28	31	56
ENSG00000142731	PLK4	0.8		0.8	4	2	14	0.8	3	2	1	2	1	0.8				0.6	6		3	0.7	3			2	3	2	1	2	19	0.7	6
ENSG00000142856	ITGB3BP	3	4	5	3	3	3	1	3	2	3	2	3	3	1	2	0.8	3	5	0.7	2	3	3	0.9		3	2	2	2	2	6	3	4
ENSG00000142945	KIF2C				6	2	16		3	4	1	3	0.7	0.8					11		4	0.7	4			4	3	2	1	2	56	0.8	14
ENSG00000143106	PSMA5	6	11	7	15	11	8	10	14	15	10	9	13	9	7	10	13	8	18	2	11	10	15	5	5	7	15	10	11	11	9	10	20
ENSG00000143228	NUF2				4	2	12		2	3		2							10		3		2			2	2	1	1	2	23		9
ENSG00000143420	ENSA	27	29	25	24	25	29	40	30	23	31	38	27	24	24	25	17	29	26	7	23	27	25	15	31	33	24	23	24	24	16	29	30
ENSG00000143947	RPS27A	131	172	471	216	149	248	75	195	135	211	114	227	97	67	128	78	110	271	68	136	170	165	137	62	148	139	142	241	166	58	143	270
ENSG00000145241	CENPC	4	4	7	5	4	12	3	3	4	6	3	4	5	2	4	2	4	7	2	3	6	4	3		4	4	4	6	5	7	6	5
ENSG00000145386	CCNA2	1	0.8	2	10	4	21	1	8	9	3	6	2	2			1	1	20		11	1	8			6	9	2	3	5	6	0.6	24
ENSG00000145604	SKP2	4	5	6	7	7	5	3	6	9	6	7	6	3	1	2	5	4	11	0.6	47	5	7	2	0.6	7	7	5	6	4	4	4	10
ENSG00000146047	HIST1H2BA																														4		
ENSG00000146143	PRIM2	1	1	3	3	3	3	1	3	2	3	2	3	2	0.8	1	0.6	2	4		3	18	3	0.9		2	2	3	2	2	3	2	4
ENSG00000146670	CDCA5	0.6			6	2	19	1	3	3		2	0.7					0.9	11		5		4			2	3	1	1	2	17		8
ENSG00000146918	NCAPG2	2	1	2	6	3	10	2	3	2	3	3	2	2	0.9	1	1	2	7		4	2	4	1	0.6	4	3	3	2	4	11	2	8
ENSG00000147316	MCPH1	2	2	3	3	3	5	2	2	2	3	2	3	2	1	2	1	2	4	0.7	3	3	2	2	1	2	2	2	3	2	4	3	3
ENSG00000147400	CETN2	17	25	32	14	20	10	22	14	9	38	19	129	21	13	30	8	24	10	4	11	34	14	8	3	9	10	28	10	12	16	39	13
ENSG00000147536	GINS4				2	0.6	2		0.8	0.7	0.6								2		1		1			0.7	0.8	0.7	0.7	0.7	2		3
ENSG00000147883	CDKN2B	9	2		2	5		1	22	20	1	18	0.8	3				14	0.8		2	4	18	1	0.8	9	27	2	3	4	6	0.9	8
ENSG00000147889	CDKN2A		0.7																										0.7		0.8		
ENSG00000148019	CEP78	1	2	2	2	1	3	2	2	1	3	1	2	1		1	1	2	3		2	2	2	1		2	1	2	2	1	4	2	2
ENSG00000149503	INCENP	2	2	3	7	3	13	4	3	4	2	10	3	2	1	2	0.8	3	9	0.7	4	2	3	2	1	6	5	2	5	4	7	5	8
ENSG00000149636	DSN1	4	7	3	8	5	11	3	6	5	5	4	4	5	3	3	3	6	14	0.8	7	6	9	2	0.8	8	7	5	8	6	20	4	13
ENSG00000150991	UBC	333	338	216	272	270	586	286	288	170	262	343	353	406	211	206	208	304	220	77	206	238	302	216	192	244	248	351	257	206	413	219	304
ENSG00000151414	NEK7	33	38	21	21	25	5	12	18	14	21	19	17	24	58	18	8	31	24	3	25	17	14	9	13	11	18	21	20	13	11	20	15
ENSG00000151503	NCAPD3	2	3	2	6	3	8	2	3	3	3	3	3	2	1	2	1	3	6	0.7	4	44	5	2	0.6	5	3	3	4	3	6	5	6
ENSG00000151725	CENPU	1	0.8	0.6	7	3	43	0.9	7	5	1	6	0.9	1	0.9		2	1	16		6	1	8	0.7		12	4	2	2	4	68	0.9	15
ENSG00000151849	CENPJ	2	1	4	3	3	4	2	2	3	5	2	2	2	1	1		2	4		3	3	4	0.6		3	3	4	3	2	16	6	4
ENSG00000152086	TUBA3E										0.9				0.7						1										4		
ENSG00000152253	SPC25	0.7	0.6		4	1	5	0.8	3	3		2							8		3		3			2	3	1	0.9	2	3		8
ENSG00000153044	CENPH	2	1	2	4	3	13	0.9	3	3	3	3	2	1	1	0.7	0.7	1	9		3	2	3	0.6	0.6	4	3	2	3	2	17	1	10
ENSG00000153107	ANAPC1	2	2	3	3	2	2	2	3	2	3	2	3	2	1	2	0.7	2	4		2	2	3	1	1	2	2	2	3	2	4	2	4
ENSG00000153201	RANBP2	13	22	15	16	14	24	15	17	10	18	14	13	14	7	16	9	11	16	5	12	19	13	9	5	14	11	13	13	15	21	26	13
ENSG00000153207	AHCTF1	12	8	14	9	7	16	6	8	5	10	9	8	8	3	8	6	6	9	2	6	7	7	4	2	7	5	8	9	6	32	12	8
ENSG00000154001	PPP2R5E	6	6	6	7	9	5	8	8	5	8	7	6	6	4	6	4	6	7	1	6	5	10	3	3	7	6	7	7	5	7	9	7
ENSG00000154229	PRKCA	2	13	12	6	7	1	22	7	8	10	3	4	7	2	11	2	4	4	0.9	3	8	6	1	1	2	9	8	5	3	2	3	3
ENSG00000154473	BUB3	7	14	11	16	12	16	7	10	10	11	9	9	10	4	6	4	8	27	2	9	11	12	5	2	11	12	8	15	9	12	9	21
ENSG00000154611	PSMA8																		0.7												19		2
ENSG00000154839	SKA1				3	1	8		2	1		1							5		2		2			2	1	1	0.8	1	6		5
ENSG00000155561	NUP205	5	7	10	12	8	8	5	9	6	11	9	11	7	3	6	3	8	16	2	9	8	12	7	2	11	7	10	10	8	12	7	15
ENSG00000156970	BUB1B				6	2	11		3	4	0.8	2	0.8	0.6				0.6	10		3		4			3	3	1	1	2	19		12
ENSG00000157020	SEC13	9	12	11	16	14	13	7	13	23	12	11	15	12	8	11	6	11	12	5	17	13	16	12	7	9	21	16	11	14	11	12	16
ENSG00000157456	CCNB2				7	3	25		6	6	1	4	0.9	1			0.7	0.7	17		7	1	6			4	5	1	2	3	38		22
ENSG00000157540	DYRK1A	7	10	13	11	9	22	10	8	8	14	7	11	9	8	7	5	9	14	3	9	8	9	5	6	8	8	11	16	11	16	11	11
ENSG00000158373	HIST1H2BD	2	7	6	5	6	6	2	17	6	3	2	11	5	4	16	15	3	4	1	7	41	9	3	3	3	8	1	4	16	4	4	3
ENSG00000158402	CDC25C				1		2		2	1									2		0.9		1			0.6	1			0.7	10		3
ENSG00000158406	HIST1H4H	2	2	2	3	3	3	3	3	4	2	5	2	3	4	2		2	2		2	11	2	1	3	0.8	3	2	2	2	3	2	2
ENSG00000159352	PSMD4	28	23	28	32	27	25	30	25	24	27	23	37	20	25	23	18	23	34	8	32	24	29	17	33	28	22	30	31	23	45	20	43
ENSG00000159377	PSMB4	44	59	60	71	56	81	45	38	53	60	44	67	51	44	40	26	49	77	14	65	58	55	35	27	51	51	60	64	40	30	51	80
ENSG00000160299	PCNT	3	3	4	4	3	10	6	3	3	3	3	2	3	3	3	1	3	5	0.7	2	3	3	2	14	5	3	3	5	3	12	3	3
ENSG00000160551	TAOK1	9	7	8	8	9	4	12	8	4	8	8	7	9	6	7	3	6	8	2	7	6	6	3	2	7	4	8	7	5	10	11	6
ENSG00000160783	PMF1	4	5	6	5	6	10	3	4	5	7	5	7	6	6	4	2	7	9	2	6	6	4	5	6	7	5	5	8	6	3	7	6
ENSG00000161057	PSMC2	21	27	18	28	23	32	23	21	19	22	22	22	21	19	25	19	20	27	4	24	26	22	12	21	25	20	24	22	22	23	25	31
ENSG00000161888	SPC24				2		6		1	1		0.7							4		2		2			1	1	1	0.7	2	2		4
ENSG00000161904	LEMD2	5	6	8	8	5	6	4	5	7	7	5	7	5	3	4	2	7	8	2	8	7	5	4	2	7	6	6	10	5	8	7	6
ENSG00000162521	RBBP4	10	15	18	17	15	11	13	15	12	20	10	22	13	8	12	7	13	28	3	13	15	18	10	5	14	13	17	16	14	33	18	35
ENSG00000163002	NUP35	2	4	4	3	2	1	2	3	2	4	3	4	3	1	3	2	2	3	1	3	3	3	2	0.9	3	2	2	2	3	7	3	5
ENSG00000163041	H3F3A	70	103	99	197	147	310	36	155	144	117	117	151	133	68	58	44	108	183	27	104	125	166	82	24	133	158	102	129	112	66	100	186
ENSG00000163535	SGOL2	0.7	0.7	1	3	2	3	0.8	2	2	1	1	1	0.9		0.6		0.9	5		2	0.8	2			2	1	1	1	1	24	0.8	5
ENSG00000163539	CLASP2	4	9	7	5	4	3	34	4	3	7	4	6	5	6	5	2	5	5	1	4	5	4	2	5	5	3	5	5	4	5	4	5
ENSG00000163636	PSMD6	6	8	5	9	5	18	6	6	6	8	6	5	6	5	7	4	7	9	12	7	7	7	4	6	7	5	7	8	6	18	5	9
ENSG00000163918	RFC4	3	2	7	8	4	13	3	4	4	7	3	5	3	2	2	2	3	13	0.9	5	3	7	2	0.9	5	5	5	5	4	9	2	14
ENSG00000164032	H2AFZ	25	28	37	68	41	132	31	53	44	43	42	30	33	14	28	16	36	133	7	46	41	52	21	11	34	45	53	40	41	55	23	111
ENSG00000164045	CDC25A			2	3	0.9	6		2	1		1				0.6			3		2		3				1	1	1	0.6	11	1	4
ENSG00000164109	MAD2L1	0.7	1	1	5	2	8	1	4	3	1	2	3	0.9		0.6	0.8	0.6	7		3	1	4			1	3	1	1	2	5	0.7	7
ENSG00000164162	ANAPC10	3	3	4	2	3	3	3	2	1	4	2	4	3	2	3	2	2	3	0.9	3	3	3	2	1	2	2	3	3	2	5	4	4
ENSG00000164190	NIPBL	7	7	13	12	10	16	7	9	7	11	9	9	9	4	8	5	9	14	2	9	8	9	5	2	10	9	9	12	10	13	13	12
ENSG00000164611	PTTG1				9	4	31	0.9	7	7	1	6	1	2			0.7	2	23		6		8	0.6		8	6	2	3	4	40	17	39
ENSG00000164754	RAD21	29	45	36	45	38	71	45	43	29	42	40	34	30	29	30	16	37	67	6	43	30	43	18	15	30	31	31	41	30	52	43	66
ENSG00000164815	ORC5	3	5	5	4	5	2	4	6	4	6	5	5	4	2	3	2	3	5	2	4	8	6	2	1	5	3	5	4	4	10	5	7
ENSG00000165916	PSMC3	30	31	23	34	29	32	31	24	23	27	28	36	22	33	24	20	29	33	8	38	28	31	19	39	36	24	38	25	25	35	29	44
ENSG00000166037	CEP57	6	7	14	11	9	8	5	8	13	11	6	10	14	4	5	7	8	15	2	6	7	8	4	2	7	9	7	10	9	13	11	13
ENSG00000166167	BTRC	3	7	9	4	5	2	18	4	3	6	5	8	5	7	5	2	4	4	1	6	8	4	3	3	6	4	6	5	4	11	7	5
ENSG00000166295	ANAPC16	23	32	31	21	23	12	7	22	20	30	19	37	20	38	25	14	26	32	11	16	31	25	27	27	16	22	26	33	26	15	31	32
ENSG00000166451	CENPN	1	3	0.6	3	2	9	1	3	3	1	2	0.7	1	1	2	2	1	4	0.7	3	7	3			1	2	2	2	2	4	1	5
ENSG00000166483	WEE1	3	2	3	5	8	5	0.8	4	3	14	15	6	11	6	3	6	3	10	0.9	10	5	4	1	1	6	5	11	3	4	8	10	10
ENSG00000166501	PRKCB	0.6	0.6		20	6	11	56	3	3	2	2	1	3		0.6	0.9	4	30		1	4	3	0.7		3	3	3	28	1	5	0.8	27
ENSG00000166508	MCM7	14	10	24	29	16	68	5	21	22	23	15	20	11	7	7	5	16	55	4	22	14	27	8	5	26	23	14	22	17	36	13	48
ENSG00000166548	TK2	12	9	9	4	6	2	6	3	3	6	4	8	7	3	6	3	7	3	2	4	5	4	5	1	3	4	6	8	4	11	10	3
ENSG00000166579	NDEL1	6	13	6	10	8	17	9	6	4	8	9	5	8	3	3	5	8	5	2	9	6	5	3	3	14	5	6	6	4	6	5	6
ENSG00000166851	PLK1				5	2	10	0.6	3	4	0.6	2		0.9					11		3		3			2	4	0.6	2	4	12		10
ENSG00000167110	GOLGA2	11	13	15	12	12	8	10	11	11	17	15	15	15	12	9	6	13	9	6	17	21	12	16	7	19	11	13	10	17	13	16	9
ENSG00000167393	PPP2R3B	0.8	0.7	2	1	1	2	1	0.6	0.9	1	1	2	0.9	6	0.6		1	2		2	2		0.9	7	4	0.8	0.6	3	1	4	1	0.9
ENSG00000167461	RAB8A	5	5	5	10	6	11	3	10	11	5	4	7	6	2	6	7	7	9	1	6	5	8	4		5	13	5	11	9	5	4	10
ENSG00000167513	CDT1				2		17		1	2		0.8							5		3		1			0.8	2		0.9	1	2		3
ENSG00000167552	TUBA1A	60	54	67	66	81	42	306	28	19	182	43	152	60	38	10	4	86	30	6	40	56	34	8	5	33	28	197	23	15	34	14	20
ENSG00000167553	TUBA1C	8	6	5	19	20	20	1	21	16	8	50	11	21	4	7	3	12	13	2	20	6	29	3	1	26	17	24	4	16	6	12	43
ENSG00000167842	MIS12	7	8	8	13	10	9	5	8	8	10	7	9	8	4	6	4	8	15	2	7	8	10	5	3	6	9	9	12	8	10	15	13
ENSG00000168148	HIST3H3																														0.8		
ENSG00000168496	FEN1	3	5	2	16	6	20	8	9	7	5	6	4	3	3	4	4	4	24	0.9	8	4	10	2	2	6	7	5	6	5	13	4	26
ENSG00000169679	BUB1				6	3	7		2	3	0.7	2		0.7				0.7	11		2		3			2	2	0.9	1	2	23		12
ENSG00000170027	YWHAG	152	91	36	62	50	18	376	43	40	50	53	30	58	58	46	40	39	37	15	48	41	38	19	101	33	35	61	40	38	31	26	42
ENSG00000170142	UBE2E1	18	18	23	26	27	28	23	23	15	24	24	23	20	12	16	12	24	33	5	27	25	25	13	10	19	16	23	23	17	20	19	37
ENSG00000170312	CDK1	1	0.8	0.8	10	5	19	1	7	8	3	5	2	2		0.9	0.8	2	19		9	0.8	9	0.6		6	7	2	3	5	12	1	21
ENSG00000170315	UBB	258	394	195	250	278	470	382	358	366	218	151	171	266	310	444	541	329	290	118	337	274	343	259	289	200	361	308	315	369	508	340	353
ENSG00000171320	ESCO2				1	0.6	2		2	3		0.8							2				1				3			0.7	3		3
ENSG00000171848	RRM2	0.8			17	6	33	0.6	11	8	0.9	6	0.7	1			2	0.9	21		6		12			4	7	3	3	6	3		29
ENSG00000173207	CKS1B	13	8	7	10	7	22	3	11	10	9	8	10	6	4	6	9	5	18	1	13	5	11	3	1	9	11	6	8	10	13	7	19
ENSG00000173692	PSMD1	22	21	11	22	20	13	32	23	21	22	22	16	16	17	16	11	14	16	3	20	18	24	6	20	17	19	27	16	16	22	18	26
ENSG00000174106	LEMD3	7	6	10	10	8	11	9	9	7	12	6	9	7	4	7	4	9	11	2	6	8	8	5	2	6	7	7	10	8	16	9	10
ENSG00000174442	ZWILCH	2	1	3	6	4	4	2	4	3	4	4	2	4	1	2	1	3	6		4	3	6	0.7		3	3	3	3	3	36	2	9
ENSG00000174799	CEP135	1	1	3	6	3	5	0.7	2	2	6	1	2	2		3		2	7		4	2	2	0.6		2	2	4	4	1	5	2	5
ENSG00000174903	RAB1B	62	56	63	56	69	41	44	63	61	52	89	83	59	49	50	19	80	55	17	66	88	55	48	39	68	64	57	65	66	48	70	63
ENSG00000175063	UBE2C	0.8			11	4	25	0.8	9	9	2	5	1	1				1	22		10		11			7	9	2	2	5	7		29
ENSG00000175166	PSMD2	25	32	21	31	26	34	30	26	22	30	32	31	23	26	23	11	26	29	6	27	25	30	15	36	31	21	36	24	21	53	30	41
ENSG00000175203	DCTN2	18	27	24	21	21	17	27	20	19	27	26	26	20	20	14	6	21	17	8	18	19	30	17	12	24	22	32	17	20	23	22	29
ENSG00000175216	CKAP5	8	19	22	13	12	12	24	12	9	13	9	12	10	10	7	7	8	13	2	12	11	15	5	7	12	8	15	9	12	34	8	16
ENSG00000175279	APITD1	0.6	2	0.8	1	1	1		1	3	1	1	3	3	0.6	4		1	1		1	2	2	1		0.9	2	0.9		1	10	3	2
ENSG00000175305	CCNE2	0.7			2	0.8	5	2	1	1	0.7	1						0.7	3		1		2			1	1	0.7	0.7	1	5		3
ENSG00000175334	BANF1	26	45	61	50	38	33	32	41	31	54	33	93	29	37	29	23	36	54	11	38	46	44	30	64	30	31	55	42	28	47	46	63
ENSG00000175470	PPP2R2D	4	6	8	4	4	6	7	4	3	4	3	5	4	4	4	3	4	5	8	4	5	4	3	2	4	4	3	5	3	5	5	3
ENSG00000175482	POLD4	3	2	3	10	4	4	1	8	11	2	2	2	5	2	3	4	4	13	2	4	6	3	4	2	3	10	1	11	8	2	2	8
ENSG00000175826	CTDNEP1	26	23	32	33	27	25	19	25	26	29	19	37	22	20	18	7	27	32	8	29	23	29	19	69	29	25	28	37	26	21	22	42
ENSG00000176014	TUBB6	43	4	9	24	19	8	1	9	6	20	37	9	15	18	3	2	23	7	3	17	16	6	3	2	14	7	34	6	5	7	5	7
ENSG00000176101	SSNA1	17	18	16	24	16	26	14	16	22	17	18	24	10	16	16	4	22	24	10	19	22	8	22	15	20	21	8	24	20	48	13	16
ENSG00000176248	ANAPC2	6	7	7	8	5	11	7	4	7	7	4	7	6	3	4	2	9	11	3	6	10	4	9	3	9	7	5	14	8	18	5	5
ENSG00000176386	CDC26	15	19	14	19	16	9	9	15	14	13	9	14	13	9	17	14	13	19	3	12	15	15	9	8	10	15	11	15	13	11	12	22
ENSG00000176890	TYMS	2	1	2	16	7	37	3	12	7	3	5	4	3	0.6	4	3	2	21		14	3	15			7	8	6	3	6	24	2	28
ENSG00000176915	ANKLE2	4	5	5	6	4	8	3	3	4	6	4	5	5	2	3	1	5	8	1	5	4	4	3	2	7	4	4	7	4	14	4	7
ENSG00000177084	POLE	2	1	3	4	2	11	0.6	3	3	2	2	2	2	1	1	1	2	4	0.6	3	3	4	2	1	7	3	2	7	3	9	1	3
ENSG00000177954	RPS27	413	443	1455	678	342	802	162	495	362	543	186	592	247	145	352	275	418	729	153	329	443	448	370	261	299	383	274	898	537	233	261	1224
ENSG00000178462	TUBAL3								7	17						5							8				22				0.8		
ENSG00000178999	AURKB				8	2	17		4	5		4		0.6				0.6	21		5		5			4	5	1	2	2	0.8		16
ENSG00000179051	RCC2	13	11	16	34	26	42	12	26	18	16	28	24	23	4	10	5	21	50	4	30	15	30	19	1	49	18	17	30	22	23	15	69
ENSG00000180573	HIST1H2AC	11	17	8	12	20	16	8	25	21	8	15	23	15	7	15	22	13	10	3	17	77	19	6	5	8	26	5	17	23	9	16	8
ENSG00000180596	HIST1H2BC	1	2	0.8	4	3	6	2	1	1	0.7	3	3	2	0.8	2	4	2	1		3	10	1	1	1	0.6	1		2	5	4	1	1
ENSG00000181938	GINS3	1	2		2	1	2	0.7	1	1	1	2	1	0.7	1			0.9	2		1	0.6	2			1	0.9	1	2	0.7	3	0.6	4
ENSG00000182628	SKA2	8	7	9	11	13	7	14	11	8	11	9	11	8	9	9	5	9	13	2	10	9	10	2	3	7	8	12	8	9	8	13	14
ENSG00000182923	CEP63	3	4	4	4	3	3	3	3	2	3	2	3	3	3	3	2	3	4	0.9	3	4	3	3	3	3	2	3	4	3	10	4	4
ENSG00000183785	TUBA8																								0.7								
ENSG00000183814	LIN9	1	1	3	2	2	3	1	2	2	2	2	2	1	4	1		2	3		3	1	2	0.8	0.8	2	2	2	2	2	7	2	3
ENSG00000183955	SETD8	8	5	6	10	9	18	7	9	8	11	17	9	8	4	4	3	10	10	3	10	21	9	9	4	13	8	12	9	8	6	15	11
ENSG00000184260	HIST2H2AC		0.7				11																						1	0.6			
ENSG00000184445	KNTC1	1	2	1	5	2	10	0.8	3	3	2	2	1	1		0.9	0.6	2	6		2	1	5	0.8		4	3	2	3	3	12	1	7
ENSG00000184678	HIST2H2BE	3	12	6	7	7	13	9	4	4	7	6	7	4	25	5	4	7	5	1	13	75	5	8	15	7	4	4	7	11	9	8	3
ENSG00000185130	HIST1H2BL						3																										
ENSG00000185627	PSMD13	14	13	12	23	17	18	14	17	16	19	16	18	15	12	11	8	17	26	4	19	22	22	9	12	20	16	18	20	14	18	15	29
ENSG00000186298	PPP1CC	18	23	30	31	30	25	14	37	61	24	29	23	22	17	15	9	18	42	7	17	20	36	14	15	21	47	25	26	26	34	20	47
ENSG00000186871	ERCC6L				1		2		1	0.7		0.7							2		0.6		1							0.6	0.9		3
ENSG00000188229	TUBB4B	64	37	40	62	61	189	63	91	79	29	99	220	70	74	53	16	83	60	21	53	86	68	68	29	128	94	47	29	61	446	53	86
ENSG00000188312	CENPP			0.6	0.7		0.9				0.6	0.6		0.6					0.8		0.6					6		0.6			0.8		0.9
ENSG00000188486	H2AFX	3	5	5	12	3	15	7	7	10	3	3	4	3	1	3	0.8	3	13	2	10	6	4	2	2	3	8	3	9	7	7	1	13
ENSG00000189308	LIN54	2	2	3	4	4	5	4	4	3	3	6	3	3	2	4	2	3	4	0.6	3	3	4	2	0.8	4	3	2	3	3	4	6	5
ENSG00000196230	TUBB	105	80	332	205	154	246	91	87	66	152	120	159	124	70	44	60	109	199	22	149	95	136	54	24	149	72	279	100	71	74	100	327
ENSG00000196313	POM121	5	5	7	7	5	11	6	4	7	6	5	7	6	3	4	3	5	9	2	7	6	5	4	2	6	6	5	9	6	8	6	7
ENSG00000196510	ANAPC7	4	7	6	7	7	6	6	5	5	7	10	8	6	4	4	2	6	9	1	4	8	8	4	3	9	5	8	7	5	13	8	9
ENSG00000196866	HIST1H2AD					0.6	0.9					0.6									0.7	2							0.6		0.6		
ENSG00000196890	HIST3H2BB		0.8										0.7													0.6							
ENSG00000197061	HIST1H4C						0.7												0.8					0.6					0.7				0.9
ENSG00000197102	DYNC1H1	19	17	24	16	19	17	40	21	12	19	17	19	18	19	16	6	21	15	5	17	17	17	11	13	35	12	22	17	16	26	21	11
ENSG00000197170	PSMD12	10	12	6	12	9	18	12	9	6	8	10	6	10	7	10	10	9	10	3	10	8	9	6	8	10	6	8	8	8	16	9	12
ENSG00000197238	HIST1H4J		2		0.6	0.8	3		0.7	2			0.7									2					1		1	1	0.9		
ENSG00000197409	HIST1H3D		1			0.6	6			0.9		1							0.6		1	2							0.7	0.9	1		
ENSG00000197837	HIST4H4		1	1	2	0.7		0.6	0.7	1	0.8	0.7	0.8	0.8		0.7		0.8	1		0.9	5	1	0.9		1	1		2	3	2	1	0.7
ENSG00000197903	HIST1H2BK	11	11	7	16	8	9	5	20	17	9	7	18	4	3	4	11	15	14	6	22	37	8	11	0.7	2	19	6	23	28	23	8	7
ENSG00000198033	TUBA3C																														318		
ENSG00000198056	PRIM1	2	2	5	5	3	11	3	4	2	3	2	4	2	0.8	1	2	3	7	0.9	2	2	5	1	1	4	4	3	4	4	9	3	8
ENSG00000198089	SFI1	0.9	2	2	5	2	4	1	2	4	2	0.8	2	2		1		2	7		1	2	2	1		2	4	1	6	3	5	2	3
ENSG00000198176	TFDP1	15	17	13	29	25	74	12	25	20	19	29	24	18	14	13	7	15	47	4	24	20	27	10	12	27	21	20	23	23	37	22	43
ENSG00000198707	CEP290	3	3	6	4	3	2	4	3	2	7	1	5	3	1	3	0.8	3	4	0.7	3	5	3	1		2	2	3	3	3	7	5	2
ENSG00000204086	RPA4																														1		
ENSG00000204264	PSMB8	17	20	19	63	37	39	7	44	53	20	14	30	26	7	13	13	35	83	2	15	17	53	22	2	29	55	23	66	43	3	14	79
ENSG00000204435	CSNK2B	7	11	15	13	10	14	8	5	12	13	11	14	12	8	4	3	11	17	3	13	10	14	7	5	25	11	12	14	8	34	13	19
ENSG00000205220	PSMB10	3	5	4	16	8	11	2	9	20	4	2	7	8	4	3	2	8	21	2	6	5	3	9	2	2	18	1	23	10	2	4	7
ENSG00000205250	E2F4	15	14	14	26	17	42	10	16	19	18	15	20	15	9	9	4	18	29	4	26	14	19	9	6	15	19	17	23	16	20	14	28
ENSG00000205423	CNEP1R1	4	6	4	9	5	6	5	5	3	5	4	3	5	3	3	2	5	6	0.8	6	4	5	2	3	5	4	5	6	4	10	2	5
ENSG00000205659	LIN52	5	5	6	4	5	2	5	3	4	6	3	4	4	4	10	2	3	4		3	4	4	2	1	3	4	4	3	3	6	3	4
ENSG00000213024	NUP62	6	7	11	14	10	7	5	6	8	10	6	12	7	5	4	2	8	15	2	9	7	7	5	3	9	8	9	13	8	18	5	15
ENSG00000213066	FGFR1OP	0.7	2	2	1	1	1	1	1	1	2	0.8	3	2	0.6	1	1	1	2		0.7	1	2	0.6		2	2	1	1	1	6	2	2
ENSG00000213639	PPP1CB	47	50	57	52	73	46	50	68	48	81	150	83	70	64	34	20	46	37	11	36	88	54	41	71	49	43	100	39	51	29	48	55
ENSG00000213923	CSNK1E	12	14	19	13	16	11	16	10	11	22	13	19	17	11	5	2	18	12	5	23	19	11	11	5	21	10	12	17	15	10	10	10
ENSG00000221914	PPP2R2A	9	6	9	7	9	10	10	7	9	9	16	9	8	4	6	6	8	8	1	14	8	8	4	4	8	7	7	6	6	8	9	11
ENSG00000221983	UBA52	62	55	122	84	57	122	40	71	47	56	42	73	44	34	49	40	54	109	36	64	49	61	57	48	54	51	54	107	54	52	47	143
ENSG00000228716	DHFR	14	4	5	18	10	30	9	17	18	7	9	7	6	3	13	18	6	30	0.6	11	8	17	4	5	8	19	8	8	10	15	6	27
ENSG00000233822	HIST1H2BN																					0.7									0.9	0.6	
ENSG00000234289	H2BFS	3	3	4	5	6	4	0.9	4	5	3	7	7	4	2	0.8	6	4	10	2	7	12	3	3		2	5	2	5	7	8	6	3
ENSG00000240065	PSMB9	5	4	5	26	11	8	4	8	18	5	3	7	7	3	3	4	18	36	0.6	4	4	10	5	1	9	22	5	44	14	1	3	22
ENSG00000243910	TUBA4B												27					2															
ENSG00000258947	TUBB3							4						0.6																	1		
ENSG00000267796	LIN37	2	1	3	2	1	1	2	1	2	2	0.9	2	1	0.9	1		2	2		3	1	1	1	0.7	2	1	2	2	1	2	1	2
ENSG00000272196	HIST2H2AA4																					0.8									0.6		
ENSG00000273542	HIST1H4K						0.8																				0.7						
ENSG00000273703	HIST1H2BM						0.9																										0.6
ENSG00000273802	HIST1H2BG		0.8		2	2	4		2	2	1	3	0.9	1	0.7				2		2	11	2	1		1	2		1	3	0.7	0.8	2
ENSG00000274267	HIST1H3B						1																										
ENSG00000274290	HIST1H2BE						2												0.6			0.6											
ENSG00000274641	HIST1H2BO						1																										
ENSG00000274750	HIST1H3E		3	0.8	1	2			2	4	0.6	2	3	2	3			0.7	1		1	5	2	2	2	0.6	5		1	3	2	3	2
ENSG00000275379	HIST1H3I						0.6																										
ENSG00000275713	HIST1H2BH				0.8	1	5		1	4		1		0.8					2		0.9		1			0.6	2		1	1	1		1
ENSG00000275714	HIST1H3A						3																								2		
ENSG00000275835	TUBGCP5	3	5	4	4	4	4	5	3	3	5	4	4	4	3	3	2	4	5	1	3	5	4	2	2	5	3	4	4	3	10	6	5
ENSG00000276180	HIST1H4I	3	3	2	4	2	2	0.9	5	3	3	2	5	2	0.6	0.8	4	3	3	0.8	4	7	4	2		1	4	2	4	5	4	3	3
ENSG00000276368	HIST1H2AJ						2																										
ENSG00000276410	HIST1H2BB																														0.8		
ENSG00000276966	HIST1H4E		0.8	0.6	1		4	3	0.9	2	0.8	1	2	0.8	0.7	0.8			1		2	4	1	1				0.7	1	2	2	1	1
ENSG00000277075	HIST1H2AE		2		1	2	5	0.7	2	2	1	1	1	0.8	0.6	0.7	0.6		1		2	12	1	1		1	3		1	2	2	1	
ENSG00000277224	HIST1H2BF		0.6			0.6	0.8					4	0.6									2											0.6
ENSG00000277775	HIST1H3F						0.8																										
ENSG00000277791	PSMB3	33	42	19	56	40	54	25	43	41	27	27	51	34	34	31	25	32	59	9	40	35	47	21	20	42	39	40	44	36	25	35	66
ENSG00000278272	HIST1H3C						2																								0.9		
ENSG00000278463	HIST1H2AB						0.8																										
ENSG00000278588	HIST1H2BI						1																										
ENSG00000278637	HIST1H4A				1		0.7																										0.7
ENSG00000278828	HIST1H3H		1	0.6		0.8	2		2	1							0.6	0.8	0.6		1	1	2				0.9		1	2	1		
